{"Train accuracy": [71.17263843648209], "Test accuracy": [71.42857142857143]}