{
    "avg_prec": 0.6987045894035206,
    "roc_auc": 0.7874776119402985
}