{
    "avg_prec": 0.6562115525975963,
    "roc_auc": 0.7666641791044776
}