{"Train accuracy": [74.2671009771987], "Test accuracy": [72.07792207792207]}