{"Train accuracy": [70.68403908794788], "Test accuracy": [71.42857142857143]}