{"Train accuracy": [71.82410423452768], "Test accuracy": [72.72727272727273]}