{"Train accuracy": [73.61563517915309], "Test accuracy": [74.02597402597402]}