{"Train accuracy": [71.9869706840391], "Test accuracy": [69.48051948051948]}