{"Train accuracy": [74.7557003257329], "Test accuracy": [68.83116883116884]}