{"Train accuracy": [72.9641693811075], "Test accuracy": [69.48051948051948]}