{"Train accuracy": [68.24104234527687], "Test accuracy": [68.83116883116884]}