{"Train accuracy": [74.9185667752443], "Test accuracy": [70.77922077922078]}